{"cameraMode":{"drawMode":0,"name":"Shaded","section":"Shading Mode"},"sceneLighting":true,"audioPlay":false,"sceneViewState":{"m_AlwaysRefresh":false,"showFog":true,"showSkybox":true,"showFlares":true,"showImageEffects":true,"showParticleSystems":true,"showVisualEffectGraphs":true,"m_FxEnabled":true},"in2DMode":false,"pivot":{"x":124.22771453857422,"y":3.9320054054260256,"z":280.5684509277344},"rotation":{"x":-0.0012672096490859986,"y":0.980973482131958,"z":-0.005671034567058086,"w":-0.19465915858745576},"size":2.98512601852417,"orthographic":false}