{"cameraMode":{"drawMode":0,"name":"Shaded","section":"Shading Mode"},"sceneLighting":true,"audioPlay":false,"sceneViewState":{"m_AlwaysRefresh":false,"showFog":true,"showSkybox":true,"showFlares":true,"showImageEffects":true,"showParticleSystems":true,"showVisualEffectGraphs":true,"m_FxEnabled":true},"in2DMode":false,"pivot":{"x":27.504056930541993,"y":-4.55511474609375,"z":23.455705642700197},"rotation":{"x":0.3561176359653473,"y":-0.019240839406847955,"z":0.007927450351417065,"w":0.9342436790466309},"size":5.302964210510254,"orthographic":false}